{
  "version": 1,
  "author": "Anonymous maker",
  "editor": "wokwi",
  "parts": [
    { "type": "wokwi-breadboard", "id": "bb1", "top": 208.2, "left": -179.6, "attrs": {} },
    { "type": "wokwi-arduino-uno", "id": "uno", "top": -47.4, "left": 57, "attrs": {} },
    {
      "type": "wokwi-led",
      "id": "led1",
      "top": -32.4,
      "left": -149.8,
      "attrs": { "color": "red" }
    },
    {
      "type": "wokwi-led",
      "id": "led2",
      "top": -32.4,
      "left": -92.2,
      "attrs": { "color": "yellow" }
    },
    {
      "type": "wokwi-led",
      "id": "led3",
      "top": -32.4,
      "left": -34.6,
      "attrs": { "color": "limegreen" }
    },
    {
      "type": "wokwi-resistor",
      "id": "r1",
      "top": 272.75,
      "left": -144,
      "attrs": { "value": "220" }
    },
    {
      "type": "wokwi-resistor",
      "id": "r2",
      "top": 272.75,
      "left": -67.2,
      "attrs": { "value": "220" }
    },
    {
      "type": "wokwi-resistor",
      "id": "r3",
      "top": 272.75,
      "left": 9.6,
      "attrs": { "value": "220" }
    }
  ],
  "connections": [
    [ "led1:A", "uno:2", "green", [ "v67.2", "h144", "v-153.6", "h28.8" ] ],
    [ "r1:1", "bb1:2t.c", "", [ "$bb" ] ],
    [ "r1:2", "bb1:8t.c", "", [ "$bb" ] ],
    [ "led1:C", "r1:1", "green", [ "v172.8", "h-9.2" ] ],
    [ "r1:2", "bb1:bp.6", "green", [ "v0" ] ],
    [ "led2:A", "uno:3", "green", [ "v57.6", "h96", "v-134.4", "h249.6" ] ],
    [ "led3:A", "uno:4", "green", [ "v48", "h48", "v-115.2", "h240" ] ],
    [ "r2:1", "bb1:10t.c", "", [ "$bb" ] ],
    [ "r2:2", "bb1:16t.c", "", [ "$bb" ] ],
    [ "led2:C", "r2:1", "green", [ "v0" ] ],
    [ "r2:2", "bb1:bp.13", "green", [ "v0" ] ],
    [ "led3:C", "bb1:18t.c", "green", [ "v182.4", "h38.8" ] ],
    [ "r3:1", "bb1:18t.c", "", [ "$bb" ] ],
    [ "r3:2", "bb1:24t.c", "", [ "$bb" ] ],
    [ "r3:2", "bb1:bp.20", "green", [ "v0" ] ],
    [ "uno:GND.2", "bb1:bp.33", "black", [ "v0" ] ]
  ],
  "dependencies": {}
}